{
  "af": "afghanistan accounting and finance",
  "ax": "ã…land islands",
  "al": "albania",
  "dz": "algeria",
  "as": "american samoa",
  "ad": "andorra anno domini",
  "ao": "angola",
  "ai": "anguilla artificial intelligence",
  "aq": "antarctica",
  "ag": "antigua and barbuda",
  "ar": "argentina",
  "am": "armenia anti meridiem",
  "aw": "aruba",
  "au": "australia",
  "at": "austria",
  "az": "azerbaijan",
  "bs": "bahamas",
  "bh": "bahrain",
  "bd": "bangladesh",
  "bb": "barbados",
  "by": "belarus",
  "be": "belgium bachelor of engineering",
  "bz": "belize",
  "bj": "benin",
  "bm": "bermuda",
  "bt": "bhutan bacillus thuringiensis",
  "bo": "bolivia",
  "ba": "bosnia and herzegovina bachelor of arts",
  "bw": "botswana",
  "bv": "bouvet island",
  "br": "brazil",
  "io": "british indian ocean territory",
  "bn": "brunei darussalam",
  "bg": "bulgaria",
  "bf": "burkina faso",
  "bi": "burundi",
  "kh": "cambodia",
  "cm": "cameroon chief minister",
  "ca": "canada chartered accountancy",
  "cv": "cape verde curriculum vitae",
  "ky": "cayman islands",
  "cf": "central african republic",
  "td": "chad",
  "cl": "chile casual leave",
  "cn": "china",
  "cx": "christmas island",
  "cc": "cocos (keeling) islands cubic centimeters",
  "co": "colombia",
  "km": "comoros",
  "cg": "congo",
  "cd": "congo, the democratic republic of the compact disc",
  "ck": "cook islands",
  "cr": "costa rica",
  "ci": "cote d'ivoire",
  "hr": "croatia human resources",
  "cu": "cuba",
  "cy": "cyprus",
  "cz": "czech republic",
  "dk": "denmark",
  "dj": "djibouti disc jockey",
  "dm": "dominica",
  "do": "dominican republic",
  "ec": "ecuador encumbrance certificate",
  "eg": "egypt",
  "sv": "el salvador",
  "gq": "equatorial guinea",
  "er": "eritrea engineer, emergency room, expense ratio",
  "ee": "estonia",
  "et": "ethiopia",
  "fk": "falkland islands (malvinas)",
  "fo": "faroe islands",
  "fj": "fiji",
  "fi": "finland",
  "fr": "france false report",
  "gf": "french guiana",
  "pf": "french polynesia provident fund",
  "tf": "french southern territories",
  "ga": "gabon",
  "gm": "gambia general manager, genetic modification, group message, gaseous mixture, gross margin",
  "ge": "georgia",
  "de": "germany",
  "gh": "ghana",
  "gi": "gibraltar",
  "gr": "greece",
  "gl": "greenland",
  "gd": "grenada group discussion, general duty, general diary, garbage disposal, gigabyte disk",
  "gp": "guadeloupe",
  "gu": "guam",
  "gt": "guatemala",
  "gg": "guernsey",
  "gn": "guinea",
  "gw": "guinea-bissau",
  "gy": "guyana",
  "ht": "haiti",
  "hm": "heard island and mcdonald islands honda montesa, harbour master",
  "va": "holy see (vatican city state)",
  "hn": "honduras",
  "hk": "hong kong",
  "hu": "hungary",
  "is": "iceland information system",
  "in": "india",
  "id": "indonesia identifier identification identity document",
  "ir": "iran, islamic republic of",
  "iq": "iraq intelligence quotient",
  "ie": "ireland",
  "im": "isle of man",
  "il": "israel infrastructure leasing",
  "it": "italy information technology",
  "jm": "jamaica",
  "jp": "japan",
  "je": "jersey",
  "jo": "jordan",
  "kz": "kazakhstan",
  "ke": "kenya",
  "ki": "kiribati",
  "kp": "korea, democratic people's republic of",
  "kr": "korea, republic of",
  "kw": "kuwait",
  "kg": "kyrgyzstan",
  "la": "lao people's democratic republic",
  "lv": "latvia",
  "lb": "lebanon",
  "ls": "lesotho",
  "lr": "liberia",
  "ly": "libyan arab jamahiriya",
  "li": "liechtenstein",
  "lt": "lithuania",
  "lu": "luxembourg",
  "mo": "macao",
  "mk": "macedonia, the former yugoslav republic of",
  "mg": "madagascar",
  "mw": "malawi",
  "my": "malaysia",
  "mv": "maldives",
  "ml": "mali",
  "mt": "malta",
  "mh": "marshall islands",
  "mq": "martinique",
  "mr": "mauritania medical representative",
  "mu": "mauritius",
  "yt": "mayotte",
  "mx": "mexico",
  "fm": "micronesia, federated states of frequency modulation",
  "md": "moldova, republic of doctor of medicine",
  "mc": "monaco menstrual cycle",
  "mn": "mongolia",
  "ms": "montserrat master of science microsoft",
  "ma": "morocco",
  "mz": "mozambique",
  "mm": "myanmar",
  "na": "namibia",
  "nr": "nauru",
  "np": "nepal nurse practitioners",
  "nl": "netherlands",
  "an": "netherlands antilles",
  "nc": "new caledonia",
  "nz": "new zealand",
  "ni": "nicaragua",
  "ne": "niger",
  "ng": "nigeria",
  "nu": "niue",
  "nf": "norfolk island",
  "mp": "northern mariana islands member of parliament",
  "no": "norway",
  "om": "oman",
  "pk": "pakistan",
  "pw": "palau",
  "ps": "palestinian territory, occupied postscript",
  "pa": "panama personal assistant",
  "pg": "papua new guinea post graduate",
  "py": "paraguay",
  "pe": "peru",
  "ph": "philippines potential of hydrogen",
  "pn": "pitcairn",
  "pl": "poland",
  "pt": "portugal physical training",
  "pr": "puerto rico public relations",
  "qa": "qatar",
  "re": "reunion",
  "ro": "romania",
  "ru": "russian federation",
  "rw": "rwanda",
  "sh": "saint helena",
  "kn": "saint kitts and nevis",
  "lc": "saint lucia letter of credit",
  "pm": "saint pierre and miquelon post meridiem",
  "vc": "saint vincent and the grenadines vice chairperson",
  "ws": "samoa",
  "sm": "san marino",
  "st": "sao tome and principe schedule tribes",
  "sa": "saudi arabia",
  "sn": "senegal",
  "cs": "serbia and montenegro computer science",
  "sc": "seychelles scheduled castes",
  "sl": "sierra leone",
  "sg": "singapore",
  "sk": "slovakia",
  "si": "slovenia sub inspector",
  "sb": "solomon islands",
  "so": "somalia specialist officer",
  "za": "south africa",
  "gs": "south georgia and the south sandwich islands",
  "es": "spain",
  "lk": "sri lanka",
  "sd": "sudan secure digital",
  "sr": "suriname",
  "sj": "svalbard and jan mayen",
  "sz": "swaziland",
  "se": "sweden",
  "ch": "switzerland",
  "sy": "syrian arab republic",
  "tw": "taiwan, province of china",
  "tj": "tajikistan",
  "tz": "tanzania, united republic of",
  "th": "thailand",
  "tl": "timor-leste",
  "tg": "togo",
  "tk": "tokelau",
  "to": "tonga",
  "tt": "trinidad and tobago tetanus toxoid",
  "tn": "tunisia",
  "tr": "turkey",
  "tm": "turkmenistan",
  "tc": "turks and caicos islands transfer certificate",
  "tv": "tuvalu television",
  "ug": "uganda undergraduate",
  "ua": "ukraine",
  "ae": "united arab emirates",
  "gb": "united kingdom gigabyte, gigabit",
  "us": "united states united state",
  "um": "united states minor outlying islands",
  "uy": "uruguay",
  "uz": "uzbekistan",
  "vu": "vanuatu",
  "ve": "venezuela",
  "vn": "viet nam",
  "vg": "virgin islands, british",
  "vi": "virgin islands, u.s.",
  "wf": "wallis and futuna",
  "eh": "western sahara",
  "ye": "yemen",
  "zm": "zambia",
  "zw": "zimbabwe",
  "afg": "afghanistan",
  "ala": "ã…land islands",
  "alb": "albania",
  "dza": "algeria",
  "asm": "american samoa",
  "and": "andorra",
  "ago": "angola",
  "aia": "anguilla",
  "ata": "antarctica advanced technology attachment",
  "atg": "antigua and barbuda",
  "arg": "argentina",
  "arm": "armenia",
  "abw": "aruba",
  "aus": "australia",
  "aut": "austria",
  "aze": "azerbaijan",
  "bhs": "bahamas",
  "bhr": "bahrain",
  "bgd": "bangladesh",
  "brb": "barbados be right back",
  "blr": "belarus",
  "bel": "belgium",
  "blz": "belize",
  "ben": "benin",
  "bmu": "bermuda",
  "btn": "bhutan",
  "bol": "bolivia (plurinational state of)",
  "bes": "bonaire, sint eustatius and saba",
  "bih": "bosnia and herzegovina",
  "bwa": "botswana",
  "bvt": "bouvet island",
  "bra": "brazil",
  "iot": "british indian ocean territory internet of things",
  "brn": "brunei darussalam",
  "bgr": "bulgaria",
  "bfa": "burkina faso bachelor of fine arts",
  "bdi": "burundi",
  "cpv": "cabo verde",
  "khm": "cambodia",
  "cmr": "cameroon",
  "can": "canada",
  "cym": "cayman islands",
  "caf": "central african republic",
  "tcd": "chad",
  "chl": "chile",
  "chn": "china",
  "cxr": "christmas island",
  "cck": "cocos (keeling) islands",
  "col": "colombia",
  "com": "comoros commercial",
  "cog": "congo",
  "cod": "congo, democratic republic of the cash on delivery",
  "cok": "cook islands",
  "cri": "costa rica",
  "civ": "cã´te d'ivoire",
  "hrv": "croatia",
  "cub": "cuba",
  "cuw": "curaã§ao",
  "cyp": "cyprus",
  "cze": "czechia",
  "dnk": "denmark",
  "dji": "djibouti",
  "dma": "dominica",
  "dom": "dominican republic",
  "ecu": "ecuador",
  "egy": "egypt",
  "slv": "el salvador",
  "gnq": "equatorial guinea",
  "eri": "eritrea",
  "est": "estonia",
  "swz": "eswatini",
  "eth": "ethiopia",
  "flk": "falkland islands (malvinas)",
  "fro": "faroe islands",
  "fji": "fiji",
  "fin": "finland",
  "fra": "france",
  "guf": "french guiana",
  "pyf": "french polynesia",
  "atf": "french southern territories",
  "gab": "gabon",
  "gmb": "gambia",
  "geo": "georgia",
  "deu": "germany",
  "gha": "ghana",
  "gib": "gibraltar",
  "grc": "greece",
  "grl": "greenland",
  "grd": "grenada",
  "glp": "guadeloupe",
  "gum": "guam",
  "gtm": "guatemala",
  "ggy": "guernsey",
  "gin": "guinea",
  "gnb": "guinea-bissau",
  "guy": "guyana",
  "hti": "haiti",
  "hmd": "heard island and mcdonald islands",
  "vat": "holy see value added tax",
  "hnd": "honduras",
  "hkg": "hong kong",
  "hun": "hungary",
  "isl": "iceland",
  "ind": "india",
  "idn": "indonesia",
  "irn": "iran (islamic republic of)",
  "irq": "iraq",
  "irl": "ireland",
  "imn": "isle of man",
  "isr": "israel",
  "ita": "italy",
  "jam": "jamaica",
  "jpn": "japan",
  "jey": "jersey",
  "jor": "jordan",
  "kaz": "kazakhstan",
  "ken": "kenya",
  "kir": "kiribati",
  "prk": "korea (democratic people's republic of)",
  "kor": "korea, republic of",
  "kwt": "kuwait",
  "kgz": "kyrgyzstan",
  "lao": "lao people's democratic republic",
  "lva": "latvia",
  "lbn": "lebanon",
  "lso": "lesotho",
  "lbr": "liberia",
  "lby": "libya",
  "lie": "liechtenstein",
  "ltu": "lithuania",
  "lux": "luxembourg panasonic camera",
  "mac": "macao media access control address",
  "mdg": "madagascar",
  "mwi": "malawi",
  "mys": "malaysia",
  "mdv": "maldives",
  "mli": "mali",
  "mlt": "malta medical laboratory technician",
  "mhl": "marshall islands",
  "mtq": "martinique",
  "mrt": "mauritania",
  "mus": "mauritius",
  "myt": "mayotte",
  "mex": "mexico",
  "fsm": "micronesia (federated states of)",
  "mda": "moldova, republic of",
  "mco": "monaco",
  "mng": "mongolia",
  "mne": "montenegro",
  "msr": "montserrat",
  "mar": "morocco",
  "moz": "mozambique",
  "mmr": "myanmar measles mumps and rubella",
  "nam": "namibia",
  "nru": "nauru",
  "npl": "nepal",
  "nld": "netherlands",
  "ncl": "new caledonia",
  "nzl": "new zealand",
  "nic": "nicaragua national informatics centre",
  "ner": "niger",
  "nga": "nigeria",
  "niu": "niue",
  "nfk": "norfolk island",
  "mkd": "north macedonia",
  "mnp": "northern mariana islands mobile number portability",
  "nor": "norway",
  "omn": "oman",
  "pak": "pakistan",
  "plw": "palau",
  "pse": "palestine, state of",
  "pan": "panama permanent account number",
  "png": "papua new guinea portable network graphics",
  "pry": "paraguay",
  "per": "peru",
  "phl": "philippines",
  "pcn": "pitcairn",
  "pol": "poland",
  "prt": "portugal primary teacher",
  "pri": "puerto rico primary rate interface",
  "qat": "qatar",
  "reu": "rã©union",
  "rou": "romania",
  "rus": "russian federation",
  "rwa": "rwanda",
  "blm": "saint barthã©lemy",
  "shn": "saint helena, ascension and tristan da cunha",
  "kna": "saint kitts and nevis",
  "lca": "saint lucia",
  "maf": "saint martin (french part)",
  "spm": "saint pierre and miquelon",
  "vct": "saint vincent and the grenadines",
  "wsm": "samoa",
  "smr": "san marino",
  "stp": "sao tome and principe sewage treatment plant",
  "sau": "saudi arabia",
  "sen": "senegal",
  "srb": "serbia",
  "syc": "seychelles",
  "sle": "sierra leone",
  "sgp": "singapore",
  "sxm": "sint maarten (dutch part)",
  "svk": "slovakia",
  "svn": "slovenia",
  "slb": "solomon islands",
  "som": "somalia",
  "zaf": "south africa",
  "sgs": "south georgia and the south sandwich islands",
  "ssd": "south sudan solid state drive",
  "esp": "spain",
  "lka": "sri lanka",
  "sdn": "sudan",
  "sur": "suriname",
  "sjm": "svalbard and jan mayen",
  "swe": "sweden",
  "che": "switzerland",
  "syr": "syrian arab republic",
  "twn": "taiwan, province of china",
  "tjk": "tajikistan",
  "tza": "tanzania, united republic of",
  "tha": "thailand",
  "tls": "timor-leste",
  "tgo": "togo",
  "tkl": "tokelau",
  "ton": "tonga",
  "tto": "trinidad and tobago",
  "tun": "tunisia",
  "tur": "turkey",
  "tkm": "turkmenistan",
  "tca": "turks and caicos islands",
  "tuv": "tuvalu",
  "uga": "uganda",
  "ukr": "ukraine",
  "are": "united arab emirates",
  "gbr": "united kingdom of great britain and northern ireland",
  "usa": "united states of america",
  "umi": "united states minor outlying islands",
  "ury": "uruguay",
  "uzb": "uzbekistan",
  "vut": "vanuatu",
  "ven": "venezuela (bolivarian republic of)",
  "vnm": "viet nam",
  "vgb": "virgin islands (british)",
  "vir": "virgin islands (u.s.)",
  "wlf": "wallis and futuna",
  "esh": "western sahara",
  "yem": "yemen",
  "zmb": "zambia",
  "zwe": "zimbabwe",
  "vpn": "virtual private network",
  "dns": "domain name system",
  "hp": "horse power",
  "upsc": "union public service commission",
  "aoa": "angle of attack",
  "rbi": "reserve bank of india",
  "dvd": "digital video disc, digital versatile disc",
  "gst": "goods and service tax",
  "rsi": "research science institute",
  "ip": "internet protocol",
  "bjp": "bharatiya janta party",
  "hd": "high definition",
  "inr": "indian rupee",
  "cbse": "central board of secondary education",
  "nitk": "national institute of technology, kurukshetra",
  "apm": "associate product manager",
  "gdp": "gross domestic product",
  "un": "united nations",
  "nicmar": "nicmar university",
  "dprk": "democratic people's republic of korea",
  "oitnb": "orange is the new black",
  "bsu": "boligsparing for ungdom",
  "iec": "importer exporter code",
  "ctc": "cost to company",
  "cmyk": "cyan magenta yellow key black color process printing",
  "ktm": "kraftfahrzeuge trunkenpolz mattighofen kronreif sport motorcycle ",
  "nse": "national stock exchange",
  "gpa": "grade point average",
  "iims": "indian institutes of management school",
  "lik": "indian institutes of management school",
  "abc": "indian institutes of management school",
  "puk": "personal unblocking key",
  "tqwl": "tatkal quota waiting list",
  "ckwl": "tatkal waiting list",
  "gate": "graduate aptitude test in engineering",
  "aiims": "all india institute of medical sciences",
  "ocr": "optical character recognition",
  "rd": "recurring deposit",
  "fd": "fixed deposit",
  "sim": "subscriber identity module",
  "jio": "joint implementation opportunity",
  "ok": "okay",
  "cse": "computer science engineering",
  "iit": "indian institute of technology",
  "isro": "indian space research organization",
  "gps": "global positioning system",
  "vtu": "visvesvaraya technological university",
  "uk": "united kingdom",
  "kmc": "kasturba medical college",
  "cpu": "central processing unit",
  "cmc": "christian medical college computer maintenance corporation",
  "eee": "electrical and electronics engineering",
  "mit": "massachusetts institute of technology",
  "dna": "deoxyribonucleic acid",
  "icse": "indian certificate of secondary education",
  "pc": "personal computer",
  "ac": "air conditioning alternating current assistant commandant",
  "htc": "mobile high tech computer",
  "ugc": "university grants commission",
  "jrf": "junior research fellow",
  "pocso": "protection of children against sexual offences act",
  "ipc": "indian penal code interprocess communication",
  "nba": "national basketball association national board of accreditation",
  "obb": "opaque binary blob file android",
  "exe": "extension",
  "gdn": "google display network",
  "glt": "goal line technology",
  "tifr": "tata institute of fundamental research",
  "ucla": "university of california, los angeles",
  "usc": "university of southern california",
  "gta": "grand theft auto",
  "hrms": "human resource management software",
  "capf": "central armed police forces",
  "ncis": "naval criminal investigative service",
  "emr": "electronic medical records",
  "ehr": "electronic health records",
  "usps": "united states postal service",
  "gk": "general knowledge",
  "tpms": "tyre pressure monitoring system",
  "farc": "revolutionary armed forces of colombia",
  "nets": "national entrance screening test",
  "ux": "user experience",
  "ui": "user interface",
  "ieo": "international english olympiad",
  "acdc": "alternating current direct current",
  "bits": "birla institute of technology and science private deemed university in pilani",
  "nfl": "national football league",
  "ssn": "social security number",
  "nid": "national institute of design",
  "ct": "computed tomography",
  "ecm": "enterprise content management system",
  "cms": "content management system",
  "afmc": "armed forces medical college",
  "wsop": "world series of poker",
  "otg": "usb on the go adapter",
  "uc": "university of california",
  "ocpjp": "oracle certified professional java programmer",
  "ppt": "microsoft powerpoint presentation",
  "jdbc": "java database connectivity",
  "nsep": "national standard examination in physics",
  "dct": "dual clutch transmissions",
  "rt": "russia today news",
  "rnc": "republican national committee",
  "nit": "national institute of technology",
  "ds": "developers system",
  "cgpa": "cumulative grade point average",
  "eos": "electro optical system",
  "mait": "maharaja agrasen institute of technology",
  "usit": "university school of information and communication technology",
  "goi": "government of india",
  "lp": "long play",
  "obc": "other backward class",
  "dtu": "database transaction unit",
  "usmle": "united states medical licensing examination",
  "up": "uttar pradesh",
  "psc": "public service commission",
  "swift": "society for worldwide interbank financial telecommunications powerful and intuitive programming language for ios ipados macos tvos and watchos",
  "psat": "preliminary scholastic aptitude test",
  "icann": "internet corporation for assigned names and numbers",
  "nyc": "new york city",
  "rvce": "rashtreeya vidyalaya college of engineering",
  "ipec": "inderprastha engineering college",
  "vr": "virtual reality",
  "ged": "general educational development",
  "aao": "assistant audit officer",
  "nyse": "new york stock exchange",
  "tdc": "top dead center",
  "aeee": "amrita engineering entrance examination",
  "uft": "unified functional testing",
  "cern": "european council for nuclear research",
  "yts": "yify torrent solutions",
  "yify": "your input feels yucky",
  "xlri": "xavier school of management",
  "xat": "xavier aptitude test",
  "aap": "american academy of pediatrics",
  "ufo": "unidentified aerial phenomena",
  "ligo": "laser interferometer gravitational-wave observatory",
  "wpi": "wholesale price index",
  "pisa": "programme for international student assessment",
  "nliu": "national law institute university bhopal",
  "epl": "english premier league",
  "nsit": "netaji subhas institute of technology",
  "vmc": "visual meteorological conditions",
  "ttip": "transatlantic trade and investment partnership",
  "dceu": "detective comics extended universe",
  "lnmiit": "lnm institute of information technology",
  "nsg": "nuclear suppliers group",
  "ghd": "growth hormone deficiency",
  "ism": "international safety management",
  "kqed": "quod erat demonstrandum",
  "jfk": "john fitzgerald kennedy",
  "unclos": "united nations convention on the law of the sea",
  "eq": "emotional quotient",
  "jf": "jesus freak",
  "mig": "metal inert gas",
  "potus": "president of the united states",
  "lsd": "lysergic acid diethylamide",
  "icpc": "international collegiate programming contest",
  "acm": "association for computing machinery",
  "nyuad": "new york university abu dhabi",
  "cidp": "chronic inflammatory demyelinating polyneuropathy",
  "idf": "israel defense forces",
  "ets": "emissions trading system",
  "bit": "birsa institute of technology",
  "tpp": "trans pacific partnership",
  "hgh": "human growth hormone",
  "mooc": "massive open online course",
  "ccm": "canada cycle and motor",
  "kiit": "kalinga institute of industrial technology",
  "cmu": "carnegie mellon university",
  "meo": "marine engineering officer",
  "aai": "airport authority of india",
  "abg": "arterial blood gas",
  "abp": "ananda bazaar patrika news",
  "abm": "anti balistic missile",
  "abs": "anti-lock braking system",
  "acb": "air circuit breaker",
  "acc": "associated cement companies",
  "acca": "association of chartered certified accountants",
  "acd": "automatic call distributor",
  "acf": "assistant conservator of forest",
  "ach": "automated clearing house",
  "acp": "assistant commissioner of police",
  "acs": "american chemical society",
  "acu": "asian currency union",
  "adb": "asian development bank",
  "adc": "analog-to-digital converter",
  "adca": "advanced diploma in computer applications",
  "adidas": "adolf \"adi\" dassler",
  "adhd": "attention deficit hyperactivity disorder",
  "adm": "automated decision-making, assistant district magistrate, advanced download manager",
  "adp": "adenosine diphosphate",
  "adr": "american depository receipt",
  "aepc": "apparel export promotion council",
  "aeps": "aadhar enabled payment system",
  "afcat": "air force common admission test",
  "afspa": "armed forces special powers act",
  "agm": "annual general meeting",
  "agmark": "agricultural mark",
  "ahrc": "asian human rights commission",
  "aiaaa": "american institute of aeronautics and astronautics",
  "aicte": "all india council for technical education",
  "aids": "acquired immune deficiency syndrome",
  "aieee": "all india engineering entrance examination",
  "aimim": "all india majlis-e-ittehadul muslimeen",
  "aims": "acharya institute of management and sciences",
  "ajax": "asynchronous javascript and xml",
  "aka": "alpha kappa alpha",
  "als": "amyotrophic lateral sclerosis",
  "alu": "arithmetic logic unit",
  "amc": "annual maintenance contract, american motors corporation",
  "amie": "associate member of the institution of engineers",
  "aml": "acute myeloid leukemia",
  "amp": "adenosine monophosphate",
  "amul": "anand milk union limited",
  "amw": "asian motors limited",
  "anc": "absolute neutrophil count",
  "ani": "asian news international",
  "anm": "auxiliary nurse midwifery",
  "apbs": "aadhaar payments bridge system",
  "api": "application programming interface",
  "apj abdul kalam": "avul pakir jainulabdeen abdul kalam",
  "apmc": "agricultural produce market committee",
  "apk": "android application package",
  "army": "alert regular mobility young",
  "armd": "age related macular degeneration",
  "ards": "acute respiratory distress syndrome",
  "asap": "as soon as possible",
  "asat": "anti-satellite weapons",
  "ascii": "american standard code for information interchange",
  "asean": "association of southeast asian nations",
  "asf": "african swine fever",
  "asha": "accredited social health activist",
  "asl": "assessment for speaking and listening",
  "aslv": "augmented satellite launch vehicle",
  "asp": "active server page",
  "asp in police": "assistant superintendent of police",
  "asr": "automated speech recognition",
  "ast": "aspartate transaminase",
  "astm": "american society for testing and materials",
  "atb": "andre tanneberger",
  "at&amp;t": "american telephone, telegraph company",
  "atm": "automated teller machine",
  "atp": "adenosine triphosphate",
  "ats": "anti-terrorism squad",
  "au bank": "action and urgency small finance bank",
  "awacs": "airborne warning and control system",
  "aws": "amazon web services",
  "b. pharma": "bachelor of pharmacy",
  "b. voc": "bachelor of vocation course",
  "ba llb": "bachelor of arts and bachelor of law",
  "bae": "before anyone else",
  "baf": "bachelor of accounting and finance",
  "bams": "bachelor of ayurvedic medicine and surgery",
  "barc": "bhaba atomic research center",
  "basic": "beginner's all-purpose symbolic instruction code",
  "bba": "bachelor of business administration",
  "bams in medical": "bachelor of ayurvedic medicine and surgery",
  "bbc": "british broadcasting corporation",
  "bbm": "bachelor of business management",
  "bbs": "bachelor of business studies",
  "bca": "bachelor of computer applications",
  "bcaa": "branched-chain amino acid",
  "bcca": "bachelor of commerce in computer application",
  "bcc": "blind carbon copy, berkshire community college",
  "bcci": "board of control of cricket in india",
  "bce": "before common era",
  "bcg": "bacillus calmette-guerin",
  "b.com": "bachelor of commerce",
  "bdc": "business development company",
  "bdo": "block development officer",
  "bds": "bachelor of dental surgery",
  "b.ed": "bachelor of education",
  "bff": "best friends forever",
  "bfsi": "banking, financial services, and insurance",
  "bgm": "boddington gold mine, bayesian graphical model",
  "bhim": "bharat interface for money",
  "bhms": "bachelor of homeopathic medicine and surgery",
  "bhp": "brake horsepower",
  "bifr": "board of industrial and financial reconstruction",
  "bimstec": "bay of bengal initiative for multi-sectoral technical and economic cooperation",
  "bios": "basic input output system",
  "bis": "bureau of indian standards",
  "bku": "bhartiya kisan union",
  "blob": "binary large object",
  "bmc": "brihanmumbai municipal corporation",
  "bmd": "bone mineral density",
  "bmi": "body mass index",
  "bmr": "basal metabolic rate",
  "bms": "bachelor of management studies, business management system",
  "bmt": "bone marrow transplant",
  "bmw": "bayerische motoren werke",
  "bob": "bank of baroda",
  "bod": "biochemical oxygen demand",
  "bodmas": "bracket, of, division, multiplication, addition and subtraction",
  "book": "bio optical organized knowledge",
  "bot": "build-operate-transfer",
  "boq": "bill of quantity",
  "bpl": "below poverty line, british physical laboratories group",
  "bpm": "business process management",
  "bps": "basis points",
  "bpt": "bachelor's of physiotherapy",
  "bpo": "business process outsourcing",
  "brics": "brazil russia india china and south africa",
  "bro": "border road organization",
  "brs": "bank reconciliation statement",
  "bsc": "bachelor of science, base station controller",
  "bse": "bombay stock exchange",
  "bsf": "border security force",
  "b.sc.": "bachelor of science in information technology",
  "bstc": "basic school teaching certificate",
  "bsw": "bachelor of social work",
  "bsnl": "bharat sanchar nigam limited",
  "btc": "bodo territorial council",
  "b.tech": "bachelor of technology",
  "bts": "bangtan sonyeondan",
  "bums": "bachelor in unani medicine and surgery",
  "bun": "blood urea nitrogen",
  "caa": "citizenship amendment act",
  "cam": "computer aided manufacturing",
  "cca": "city compensatory allowance",
  "cabg": "coronary artery bypass graft",
  "cad": "computer aided design",
  "cag": "comptroller and auditor general of india",
  "caiib": "certified associate of indian institute of bankers",
  "cagr": "compound annual growth rate",
  "capa": "corrective and preventive action",
  "cas": "confirmation of acceptance for studies",
  "cat": "common admission test",
  "cbc": "complete blood count",
  "cbcs": "choice based credit system",
  "cbd": "common bile duct",
  "cbdt": "central bord of direct taxes",
  "cbi": "central bureau of investigation, central bank of india",
  "cbic": "central board of indirect taxes and customs",
  "cbs": "core banking solution",
  "ccc": "course on computer concepts",
  "cce": "continuous and comprehensive evaluation",
  "cci": "competition commission of india",
  "ccil": "clearing corporation of india limited",
  "cctv": "closed circuit television",
  "ccu": "critical care unit, coronary care unit or cardiac care unit",
  "cdm": "cash deposit machine",
  "cdma": "code division multiple access",
  "cdr": "call detail record",
  "cds": "combined defence services",
  "cdsl": "central depository service limited",
  "cso": "central statistics office",
  "ce": "common era",
  "cec": "chief election commissioner",
  "ceo": "chief executive officer",
  "cet": "common eligibility test",
  "cfa": "chartered financial analyst",
  "cfc": "chlorofluorocarbon",
  "cfl": "compact fluorescent lamp",
  "cft": "complement fixation test",
  "cfo": "chief financial officer",
  "cgi": "computer generated imagery",
  "cgl": "combined graduate level",
  "cgs": "centimetre-gram-seconds",
  "cgst": "central goods and services tax",
  "chc": "community health centers",
  "chf": "congestive heart failure",
  "cho": "community health officer",
  "chsl": "combined higher secondary level",
  "cia": "central intelligence agency",
  "cibil": "credit information bureau (india) limited",
  "cif": "customer information file",
  "cid": "crime investigation department",
  "cii": "confederation of indian industry",
  "cio": "chief information officer",
  "cis": "commonwealth of independent states",
  "cisf": "central industrial security force",
  "cisce": "council for the indian school certificate examinations",
  "cites": "convention on international trade in endangered species of wild fauna and flora",
  "ckd": "chronic kidney disease",
  "clat": "common law admission test",
  "cma": "credit monitoring analysis",
  "cmd": "chief managing director, command",
  "cme": "continuous medical education",
  "cml": "chronic myelogenous leukemia",
  "cmm": "capability maturity model",
  "cmo": "chief medical officer",
  "cmv": "cytomegalovirus",
  "cnc": "computerized numerical control",
  "cng": "compressed natural gas",
  "cob": "close of business",
  "cobol": "common business oriented language",
  "coe": "centre of excellence",
  "coo": "chief operating officer",
  "computer": "common operating machine purposely used for technological and educational research",
  "cop": "chief of police",
  "copa": "computer operator and programming assistant",
  "copd in medical": "chronic obstructive pulmonary disease",
  "copd": "chronic obstructive pulmonary disease",
  "covid 19": "corona virus disease of 2019",
  "cpcb": "central pollution control board",
  "cpct": "computer proficiency certification test",
  "cpi": "consumer price index",
  "cpm": "cost per mile",
  "cpo": "central police organisation",
  "cpr": "cardio-pulmonary resuscitation",
  "cpt": "common proficiency test",
  "crisil": "credit rating information services of india limited",
  "crm": "customer relationship management",
  "crp": "c-reactive protein",
  "crpc": "code of criminal procedure",
  "crpf": "central reserve police force",
  "crr": "cash reserve ratio",
  "crt": "cathode ray tube",
  "csat": "civil services aptitude test",
  "csc": "common service centre",
  "cssd": "central sterile supply department",
  "csf": "cerebrospinal fluid",
  "csir": "council of scientific and industrial research",
  "csp": "communication service providers",
  "csr": "corporate social responsibility",
  "css": "cascading style sheet",
  "cst": "central sales tax, chhatrapati shivaji terminus, central standard time",
  "ct-scan": "computed tomography scan",
  "cta": "computed tomography angiography",
  "ctbt": "comprehensive nuclear test ban treaty",
  "ctet": "central teacher eligibility test",
  "cti": "computer telephony integration",
  "cto": "chief technology officer",
  "cts": "cheque truncation system, clear to send",
  "cucet": "central universities common entrance examination",
  "cuet": "common university entrance test",
  "cva": "cerebral vascular accident, cerebrovascular accident",
  "cwsn": "children with special needs",
  "da": "dearness allowance",
  "dbms": "database management system",
  "dbs": "development bank of singapore",
  "dbt": "direct benefit transfer, department of biotechnology, dialectical behaviour therapy, data build tool",
  "dc": "data compression, direct current",
  "dc comics": "detective comics",
  "dcb": "development credit bank",
  "dcgi": "drugs controller general of india",
  "ddo": "drawing and disbursing officer",
  "ddt": "dichlorodiphenyltrichloroethane",
  "deaf": "depositor education and awareness fund",
  "dca": "diploma in computer application",
  "dcp": "deputy commissioner of police",
  "deo": "district education officer",
  "d.ed": "diploma in education",
  "d.ei.ed": "diploma course in elementary education",
  "dfo": "dungeon fighter online",
  "dgca": "directorate general of civil aviation",
  "dgm": "deputy general manager",
  "dgo in medical": "diploma in gynaecology and obstetrics",
  "dgo": "diploma in gynecology and obstetrics",
  "dgp": "director general of police",
  "dhl": "dalsey hillblom lynn",
  "dhcp": "dynamic host configuration protocol",
  "dht": "dihydrotestosterone",
  "dic": "district industries centre",
  "diet": "district institute of educational training",
  "dig": "deputy inspector general",
  "diy": "do it yourself",
  "djd": "degenerative joint disease",
  "dlf": "delhi land and finance",
  "dm in medical": "doctorate of medicine",
  "dmlt": "diploma in medical laboratory technology",
  "dnc": "democratic national committee, dilation and curettage",
  "dnb": "diplomate of national board",
  "dns in medical": "deviated nasal septum",
  "dp": "display picture, data processing",
  "dpi": "dots per inch",
  "drdo": "defence research and development organization",
  "drx": "drug expert, debug register x",
  "drs": "decision review system",
  "ds group": "dharampal satyapal group",
  "dsa": "direct selling agents",
  "dsc": "digital signature certificate",
  "dsl": "digital subscriber line",
  "dslr": "digital single-lens reflex",
  "dsp": "deputy superintendent of police",
  "dsssb": "delhi subordinate service selection board",
  "dst": "department of science, technology",
  "dth": "direct to home, delayed-type hypersensitivity",
  "dtp": "desk-top publishing, distributed transaction processing",
  "dvc": "damodar valley corporation",
  "dvt": "deep vein thrombosis",
  "dysp": "deputy superintendent of police, dynamic youth sports programming",
  "ebc": "economically backward classes",
  "ebrt": "external beam radiation therapy",
  "ebv": "epstein - barr virus ",
  "ecc": "excise control code",
  "ece": "electronic and communication engineering",
  "ecce": "early childhood care and education",
  "ecg": "electrocardiogram",
  "echs": "ex-servicemen contributory health scheme",
  "ecr": "emigration check required",
  "ecs": "electronic clearing service",
  "ect": "electroconvulsive therapy",
  "ed": "enforcement directorate",
  "edd": "estimated date of delivery",
  "edge": "enhanced data rates for gsm (global system for mobile) evolution",
  "edi": "electronic data interchange",
  "edp": "electronic data processing",
  "edta": "ethylenediaminetetraacetic acid",
  "eeg": "electroencephalogram",
  "eeprom": "electrically erasable programmable read-only memory",
  "ejb": "enterprise java bean",
  "elcb": "earth leakage circuit breaker",
  "elss": "equity-linked saving scheme",
  "email": "electronic mail",
  "emf": "electromotive force",
  "emg": "electromyogram",
  "emi": "equated monthly installment",
  "eniac": "electronic numerical integrator and computer",
  "ent": "ear nose throat",
  "eod": "end of the day",
  "epabx full form": "electronic private automatic branch exchange",
  "epc": "engineering, procurement and construction",
  "epic": "election photo identification card",
  "ercp": "endoscopic retrograde cholangiopancreatography",
  "frp": "fibre reinforced plastic or polymer",
  "ernet": "education and research network",
  "epfo": "employee provident fund organization",
  "ercp in medical": "endoscopic retrograde cholangiopancreatography",
  "erp": "enterprise resource planning",
  "esg": "environmental, social and governance",
  "esi": "employee's state insurance",
  "esic": "employees state insurance corporation",
  "esr": "erythrocyte sedimentation rate",
  "esop": "employee stock ownership plan",
  "eta": "estimated time of arrival",
  "etc": "et cetera",
  "etf": "exchange traded fund",
  "eu": "european union",
  "evs": "environmental studies or environmental sciences",
  "ews": "economically weaker section",
  "fao": "food and agriculture organization",
  "faq": "frequently asked questions",
  "fatca": "foreign account tax compliance act",
  "fax": "facsimile",
  "fbi": "federal bureau of investigation",
  "fccb": "foreign currency convertible bond",
  "fci": "food corporation of india",
  "fcra": "foreign contribution (regulation) act",
  "fdi": "foreign direct investment",
  "fema": "foreign exchange management act",
  "fhr": "fetal heart rate",
  "ficci": "federation of indian chambers of commerce and industry",
  "fifa": "federation internationale de football association",
  "fir": "first information report",
  "fmcg": "fast-moving consumer goods",
  "fnac": "fine needle aspiration cytology",
  "fob": "free on board",
  "fomo": "fear of missing out",
  "f.o.r": "freight on road",
  "fortran": "formula translation",
  "fpi": "foreign portfolio investment",
  "fpo": "follow on public offer",
  "fsh": "follicle stimulating hormone",
  "fsi": "floor space index",
  "fssai": "food safety and standards authority of india",
  "fte": "full-time equivalent",
  "etl": "extract, transform and load",
  "fto": "flexible time off",
  "ftp": "file transfer protocol",
  "fup": "fair usage policy",
  "fyi": "for your information",
  "gail": "gas authority of india limited",
  "gatt": "general agreement on tariffs and trade",
  "gbp": "great britain pound",
  "gcc": "gnu compiler collection",
  "gdpr": "general data protection regulation",
  "gds": "gramin dak sevak",
  "gfr": "glomerular filtration rate",
  "gic": "guaranteed investment certificate",
  "gif": "graphics interchange format",
  "gis": "geographic information system",
  "gmat": "graduate management admission test",
  "gmo": "genetically modified organism",
  "gmp": "good manufacturing practices",
  "gmt": "greenwich mean time",
  "gnm": "general nursing and midwifery",
  "gnp": "gross national product",
  "gnu": "gnu's not unix",
  "gprs": "general packet radio service",
  "gpsc": "gujarat public service commission",
  "gpu": "graphic processing unit, ground power unit, global peace and unity, general purpose uniform",
  "gre": "graduate record examination",
  "grn": "goods receipt note",
  "gslv": "geosynchronous satellite launch vehicle",
  "gsm": "global system for mobile communication",
  "gtg": "good to go, gray to gray, granville technology group",
  "gtt": "glucose tolerance test",
  "gui": "graphical user interface",
  "google": "global organization of oriented group language of earth",
  "gym": "gymnasium, group yvon michel, glowing years ministry",
  "hba1c": "hemoglobin a1c",
  "hbsag": "hepatitis b surface antigen",
  "hcf": "halt and catch fire, high cycle fatigue, highest common factor, hot channel factor, heparin cofactor, house conservatives fund, human care foundation, hispanic college fund, hybridoma cloning factor",
  "hcg": "human chorionic gonadotropin, home capital group, hyundai corporation group, horizontal centre of gravity",
  "hcl": "hindustan computers limited",
  "hcv": "hepatitis c virus",
  "hdd": "hard disk drive",
  "hdi": "human development index",
  "hdfc": "housing development finance corporation",
  "hdmi": "high definition multimedia interface",
  "hdpe": "high-density polyethylene",
  "hdr": "high dynamic range",
  "hiv": "human immunodeficiency virus",
  "hmm": "heavy metal music",
  "hmu": "hit me up",
  "hni": "human network international, hon industries inc",
  "hod": "head of department, host on demand, human and organizational development",
  "hplc": "high-performance liquid chromatography",
  "hrd": "human resource department",
  "hsbc": "hong kong and shanghai banking corporation",
  "hsc": "higher secondary certificate, higher secondary school certificate",
  "hsn": "harmonized system of nomenclature",
  "html": "hyper text markup language",
  "http": "hyper text transfer protocol",
  "hudco": "housing and urban development corporation limited",
  "hvac": "heating ventilation and air conditioning",
  "hvdc": "high voltage direct current transmission",
  "iac": "acoustic canal, international administration centre",
  "ias": "indian administrative service",
  "iata": "international air transport association",
  "ib": "intelligence bureau",
  "ibc": "insolvency and bankruptcy code",
  "ibm": "international business machines",
  "ibps": "institute of banking personnel selection",
  "ibrd": "international bank for reconstruction and development",
  "ibs": "irritable bowel syndrome, international business system, integrated broadcast service",
  "ic": "integrated circuit",
  "icai": "institute of chartered accountants of india",
  "icar": "indian council of agricultural research",
  "icc": "international cricket council",
  "icd": "implantable cardioverter-defibrillator (icd)",
  "icds": "integrated child development services",
  "ich": "intracerebral haemorrhage",
  "icici": "credit and investment corporation of india",
  "icmr": "indian council of medical research",
  "icra": "investment information and credit rating agency",
  "icsi": "intracytoplasmic sperm injection",
  "ict": "information and communications technology",
  "icu": "intensive care unit",
  "icwa": "institute of cost, works accountants of india, indian child welfare act",
  "idbi": "industrial development bank of india",
  "ide": "integrated development environment, integrated drive electronics",
  "idp": "international driving permit",
  "ied": "improvised explosive device",
  "ieee": "institute of electrical and electronics engineers",
  "ielts": "international english language testing system",
  "ies": "indian engineering services",
  "idfc": "infrastructure development finance company",
  "ifci": "industrial finance corporation of india",
  "iffco": "indian farmers fertilizer cooperative limited",
  "ifrs": "international financial reporting standards, integrated fiscal reporting system, international financial reporting standards foundation",
  "ifs": "indian foreign service",
  "ifsc": "indian financial system code",
  "ig": "inspector general of police",
  "igbt": "insulated-gate bipolar transistor",
  "ignou": "indira gandhi national open university",
  "igst": "integrated goods and services tax",
  "iifl": "india infoline finance limited",
  "iim": "indian institute of management",
  "iiit": "indian institute of information technology, international institute of islamic thought, indraprastha institute of information technology",
  "ikr": "i know, right?",
  "fs": "financial services",
  "ilo": "international labour organization",
  "ima": "indian military academy, indian medical association",
  "imao": "in my arrogant opinion",
  "imc": "integrated marketing communication",
  "imdb": "internet movie database",
  "imei": "international mobile equipment identity",
  "imf": "international monetary fund",
  "imo": "in my opinion, international maritime organization",
  "imps in banking": "immediate payment service",
  "ims": "integrated management system, information management system, inventory management system, indian maritime services",
  "ina": "indian national army, indian national airways",
  "india": "no, but can be termed as independent national democratic intelligent area",
  "ins": "indian navy ship",
  "internet": "interconnected network",
  "ioc": "international olympic committee",
  "ios": "iphone operating system",
  "ipcc": "integrated professional competence course",
  "ipi": "international press institute",
  "ipl": "indian premier league",
  "ipo": "initial public offering",
  "ipr": "intellectual property rights",
  "ips": "indian police service, in-plane switching, intrusion prevention system",
  "irctc": "indian railways catering and tourism corporation",
  "irda": "insurance regulatory and development authority, infrared data association",
  "irdp": "integrated rural development programme",
  "irr": "internal rate of return",
  "irs": "indian revenue service",
  "isa": "international seabed authority",
  "isbn": "international standard book number",
  "isc": "indian school certificate",
  "isd": "international subscriber dialing",
  "isi": "indian standards institute",
  "isis": "islamic state of iraq and syria",
  "iskcon": "international society for krishna consciousness",
  "isdn": "integrated service digital network",
  "iso": "international organization for standardization",
  "isp": "internet service provider",
  "iss": "international space station",
  "ist": "indian standard time",
  "istg": "inter site topology generator",
  "itbp": "indo-tibetan border police",
  "itc": "indian tobacco company, international trade center, independent telephone company",
  "ites": "information technology enabled services",
  "iti": "industrial training institute",
  "itil": "information technology infrastructure library",
  "itp": "idiopathic thrombocytopenic purpura",
  "itr": "income tax return",
  "iucn": "international union for conservation of nature",
  "iud": "intrauterine device",
  "iupac": "international union of pure and applied chemistry",
  "ivf": "in vitro fertilization",
  "ivr": "interactive voice response",
  "jaiib": "junior associate of the indian institute of bankers",
  "jbl": "james bullough lansing",
  "jcb": "joseph cyril bamford",
  "jcv": "john cunningham virus",
  "jee": "joint entrance examination",
  "jk tyre": "juggilal kamlapat ji tyres",
  "jnu": "jawaharlal nehru university",
  "jpg": "joint photographic experts group",
  "jsf": "javaserver faces",
  "jvd": "jugular vein distension",
  "json": "javascript object notation",
  "ka": "kappa alpha order",
  "kas": "karnataka administrative services",
  "kb": "kilo base pair",
  "kbps": "kilobits per second",
  "kei": "krishna electricals industries limited",
  "kfc": "kentucky fried chicken",
  "kgf": "kolar gold fields",
  "kgf movie": "kolar gold fields",
  "kpi": "key performance indicator",
  "kpmg": "klynveld peat marwick goerdeler",
  "kpo": "knowledge process outsourcing",
  "kra": "key result area/ key responsibility area",
  "krpl": "khushi ram behari lal limited",
  "kvpy": "kishore vaigyanik protsahan yojana",
  "kyc": "know your customer",
  "lan": "local area network",
  "laser": "light amplification by stimulated emission of radiation",
  "lbs": "pound-mass or pound, location based service",
  "lbsnaa": "lal bahadur shastri national academy of administration",
  "lcd": "liquid cristal display",
  "lcm": "least common multiple, london college of music, little company of mary",
  "ldl": "low density lipoprotein",
  "ldr": "light dependent resistor",
  "led": "light emitting diode",
  "lft": "liver function tests",
  "lg": "lieutenant governor, lucky goldstar",
  "lgbt": "lesbian, gay, bisexual, transgender",
  "lic": "life insurance corporation of india",
  "lkg": "lower kindergarten",
  "llb": "legum baccalaureus in latin, bachelor of laws",
  "llm": "legum magister",
  "llp": "limited liability partnership",
  "lmao": "laughing my a** off",
  "lmfao": "laughing my fucking ass off",
  "lmp": "last menstrual period",
  "lms": "learning management system",
  "lng": "liquefied natural gas",
  "lol": "laughing out loud",
  "lop": "loss of pay",
  "lpa": "labor pension act",
  "lpg": "liquefied petroleum gas",
  "lscs": "lower segment caesarean section",
  "l&amp;t": "larsen and toubro",
  "lta": "leave travel allowance",
  "lte": "long term evolution",
  "ltte": "liberation tigers of tamil eelam",
  "love": "no, but can be life's only valuable emotion, long lasting original valuable emotion",
  "mah": "milliamp-hour",
  "man": "metropolitan area network",
  "mat": "minimum alternate tax",
  "mb": "megabyte",
  "mba": "master of business administration",
  "mbbs": "bachelor of medicine, bachelor of surgery (medicinae baccalaureus, baccalaureus chirurgiae in latin)",
  "mbbs in medical": "bachelor of medicine and bachelor of surgery",
  "mbo": "management by objectives",
  "mbps": "megabits per second",
  "mccb": "moulded case circuit breaker",
  "mcd": "municipal corporation of delhi",
  "m.ch in medical": "magister chirurgiae (master of surgery)",
  "m.com": "master of commerce",
  "mca": "master of computer application",
  "mcb": "miniature circuit breaker",
  "mcc": "mobile country code, motor control center",
  "mclr": "marginal cost of funds based lending rate",
  "mch": "mean corpuscular haemoglobin",
  "mcq": "multiple choice question",
  "mcv": "mean corpuscular volume",
  "md in medical": "doctor of medicine",
  "mcwg": "motor cycle with gear",
  "mds": "myelodysplastic syndrome",
  "m.ed": "master of education",
  "mg car": "morris garages",
  "mgnrega": "mahatma gandhi national rural employment guarantee act",
  "mha": "ministry of home affairs",
  "mi": "mobile internet",
  "mia": "ministry of internal affairs",
  "micr": "magnetic ink character recognition",
  "milf": "moro islamic liberation front",
  "mis": "management information system",
  "mla": "member of legislative assembly",
  "mlc": "member of the legislative council",
  "mlm": "multi-level marketing",
  "mma": "mixed martial arts",
  "mmid": "mobile money identifier",
  "mms": "multimedia messaging service",
  "mnc": "multinational company",
  "moa": "memorandum of association",
  "modem": "modulator and demodulator",
  "moes": "ministry of earth sciences",
  "mosfet": "metal oxide semiconductor field effect transistor",
  "mou": "memorandum of understanding",
  "m.phil": "master of philosophy",
  "mpeg": "moving picture experts group",
  "mpin": "mobile banking personal identification number",
  "mpsc": "maharashtra public service commission",
  "mrf": "madras rubber factory",
  "mri": "magnetic resonance imaging",
  "mri in medical": "magnetic resonance imaging",
  "mro": "maintenance, repair, and operations",
  "mrp": "maximum retail price",
  "ms in medical": "multiple sclerosis",
  "msc": "mobile switching center, master of science",
  "msds": "material safety data sheet",
  "msme": "ministry of micro, small and medium enterprises",
  "msp": "minimum support price",
  "msw": "master of social work",
  "m.tech": "",
  "mtp": "medical termination of pregnancy",
  "mtnl": "mahanagar telephone nigam limited",
  "mts": "microsoft transaction server",
  "mvp": "minimum viable product",
  "naac": "national assessment and accreditation council",
  "nabard": "national bank for agriculture and rural development",
  "nabh": "national accreditation board for hospitals, healthcare providers",
  "nabl": "national accreditation board for testing and calibration laboratories<br>\nnational alliance of basketball leagues<br>\nnorth american baseball league",
  "nac": "network access control",
  "nach": "national automated clearing house payment solution",
  "nad": "national academic depository",
  "nadp": "nicotinamide adenine dinucleotide phosphate",
  "nas": "network attached storage",
  "nasa": "national aeronautics and space administration",
  "nasdaq": "national association of securities dealers automated quotations",
  "nato": "north atlantic treaty organization",
  "nav": "net asset value",
  "nb": "niobium",
  "nbcc": "national buildings construction corporation",
  "nbfc": "non-banking financial companies",
  "ncc": "national cadet corps",
  "ncert": "national council of educational research and training",
  "nclt": "national company law tribunal",
  "ncp": "nationalist congress party",
  "ncpf": "national collection of pathogenic fungi, non-cirrhotic portal fibrosis",
  "ncr": "national capital region",
  "ncte": "national council of teaching education",
  "ncvt": "national council for vocational training",
  "nda": "national defence academy, national democratic alliance",
  "ndrf": "national disaster response force",
  "ndtv": "new delhi television",
  "neet": "national eligibility-cum-entrance test",
  "neft": "national electronic funds transfer",
  "nep": "national education policy",
  "net": "national eligibility test",
  "nfc": "near field communication",
  "nfo": "new fund offer",
  "ngo": "non-governmental organization",
  "ngl": "not gonna lie",
  "nhpc": "national hydroelectric power corporation",
  "nia": "national investigation agency",
  "nicu": "neonatal intensive care unit",
  "nifty": "national stack exchange fifty",
  "niit": "national institute of information technology",
  "nios": "national institute of open schooling",
  "niti aayog": "national institute for transforming india",
  "nmmss": "national means cum-merit scholarship",
  "noc": "no objection certificate",
  "noida": "new okhla industrial development authority",
  "nota": "none of the above",
  "npa": "non performing assets",
  "npci": "national payments corporation of india",
  "npr": "national population register",
  "nps": "national pension system",
  "nptel": "national programme on technology enhanced learning",
  "nri": "non-resident indian",
  "nroer": "national repository of open educational resources",
  "nsa": "national security advisor",
  "nsdl": "national securities depository limited",
  "nso": "national statistics office, national service organisation",
  "nss": "national service scheme",
  "nsui": "national students' union of india",
  "ntg": "nitroglycerin",
  "ntpc": "national thermal power corporation",
  "ntse": "national talent search examination",
  "ntt": "nursery teacher training",
  "nurse": "nurses using rural sentinel events",
  "oc": "occupancy certificate",
  "ocd": "obsessive-compulsive disorder",
  "od": "optical density, occupational disease",
  "odf": "open document format",
  "odi": "overseas direct investment",
  "oecd": "organization for economic co-operation and development",
  "oem": "original equipment manufacturer",
  "oet": "occupational english test",
  "ofc": "optical fibre cable",
  "oic": "organisation of islamic cooperation",
  "omr": "optical mark recognition",
  "ongc": "oil and natural gas corporation",
  "ootd": "outfit of the day",
  "op": "overpowered",
  "opd": "outpatient department",
  "opec": "organization of petroleum exporting countries",
  "opv": "oral polio vaccine",
  "ors": "oral rehydration salt",
  "os": "operating system",
  "osa": "obstructive sleep apnea",
  "ost": "original sound track",
  "ot": "occupational therapy",
  "ota": "officers training academy, over-the-air",
  "otc": "over the counter",
  "otp": "one-time password",
  "ott": "over the top",
  "pac": "provincial armed constabulary",
  "ppm": "parts per million",
  "pbx": "private branch exchange",
  "pcb": "printed circuit board",
  "pcc": "police clearance certificate",
  "pci": "press council of india",
  "pcm": "pulse code modulation",
  "pco": "public call office",
  "pcod": "polycystic ovarian disease",
  "pcr": "polymerase chain reaction",
  "pcs": "provincial civil service",
  "pcv": "pneumococcal conjugate vaccine",
  "pda": "personal digital assistant",
  "pdc": "post-dated cheque",
  "pdf": "portable document format",
  "pds": "public distribution system",
  "peta": "people for the ethical treatment of animals",
  "pet": "polyethylene terephthalate",
  "pfa": "please find attachment, predictive failure analysis",
  "pfb": "printer font binary, pennsylvania farm bureau",
  "pfi": "popular front of india, private finance initiative, portland fire bureau",
  "pmjjby": "pradhan mantri jeevan jyoti bima yojana",
  "pfms": "public financial management system",
  "pgdca": "post graduate diploma in computer application",
  "pgdm": "post graduate diploma in management",
  "pgt": "post-graduate teacher",
  "phc": "primary health care",
  "phd": "doctor of philosophy",
  "php": "hypertext preprocessor (earlier called, personal home page)",
  "pid": "pelvic inflammatory disease",
  "pli": "postal life insurance",
  "pil": "public interest litigation",
  "pio": "people of indian origin",
  "pin": "personal identification number",
  "pin code": "postal index number code",
  "ping": "packet internet groper",
  "pip": "performance improvement plan",
  "pkc": "public key cryptography",
  "pkd": "polycystic kidney disease",
  "plc": "programmable logic controller",
  "pmo": "project management office",
  "pms": "premenstrual syndrome",
  "pmsby": "pradhan mantri suraksha bima yojana",
  "pnb": "punjab national bank",
  "pnr": "passenger name record",
  "po": "probationary officer, post office",
  "poa": "power of attorney",
  "poc": "proof of concept",
  "poi": "point of interest",
  "pok": "pakistan occupied kashmir, port of kolkata",
  "pop": "plaster of paris",
  "pos": "point of sale",
  "posco": "protection of children from sexual offences",
  "pov": "point of view, persistence of vision, privately owned vehicle",
  "ppe": "personal protective equipment",
  "ppi": "producer price index",
  "ppl": "public performance license, private pilot license",
  "pplo": "pleuro pneumonia like organisms",
  "ppp": "public private partnership",
  "pps": "positive pay system",
  "pro": "public relations officer, professional",
  "prom": "programmable read-only memory",
  "psa": "pressure swing adsorption",
  "psd": "photoshop document",
  "psi": "police sub-inspector, pound per square inch, population services international",
  "pslv": "polar satellite launch vehicle",
  "pst": "personal storage table",
  "psu": "public sector undertaking, power supply unit",
  "pta": "parent teacher association",
  "pte": "pearson test for english",
  "pto": "please turn over, paid time off",
  "ptsd": "post-traumatic stress disorder",
  "pubg": "public works department",
  "puc": "pollution under control , pre university course , personal unlock code",
  "pucc": "pollution under control certificate",
  "pvc": "poly vinyl chloride",
  "pvr": "priya village roadshow",
  "pvt": "private (limited)",
  "pwd": "public works department",
  "quad": "quadrilateral security dialogue (qsd)",
  "rac": "reservation against cancellation",
  "radar": "radio detection and ranging",
  "ram": "random access memory",
  "ras": "remote access services, rajasthan administrative services",
  "raw": "research and analysis wing",
  "rbc": "red blood cell",
  "rbl": "ratnakar bank limited",
  "rcb": "royal challengers bangalore",
  "rdbms": "relational database management system",
  "rdp": "remote desktop protocol",
  "rdx": "research department explosive / royal demolition explosive",
  "rom": "read only memory",
  "rera": "real estate regulatory authority",
  "rfid": "radio frequency identification",
  "rhd": "rheumatic heart disease",
  "rip": "rest in peace, routing information protocol",
  "rna": "ribonucleic acid",
  "roc": "registrar of companies",
  "rofl": "rolling on floor laughing",
  "ro,uv,uf": "reverse osmosis , ultraviolet , ultrafiltration",
  "roi": "return on investment",
  "rpm": "revolutions per minute",
  "rrb": "railway recruitment board",
  "rrr": "reverse repo rate",
  "rsa": "rivest, shamir, adleman",
  "rss": "really simple syndication, rashtriya swayamsevak sangh",
  "rsvp": "repondez s'il vous plait",
  "rtd": "resistance temperature detector",
  "rte": "right to education",
  "rtgs": "real-time gross settlement",
  "rti": "right to information",
  "rto": "regional transport office/ road transport office",
  "rt-pcr": "real-time reverse transcription-polymerase chain reaction",
  "saarc": "south asian association for regional cooperation",
  "saas": "software as a service",
  "sap": "systems, applications and products",
  "sas": "statistical analysis software",
  "sata": "serial advanced technology attachment",
  "sat": "scholastic aptitude test, scholastic assessment test",
  "sbi": "state bank of india",
  "scada": "supervisory control and data acquisition",
  "scuba": "self-contained underwater breathing apparatus",
  "sdg": "sustainable development goals",
  "sdk": "software development kit",
  "sdm": "sub divisional magistrate",
  "sdo": "sub divisional officer",
  "sdpo": "sub-divisional police officer",
  "sebi": "securities and exchange board of india",
  "sensex": "stock exchange sensitive index",
  "seo": "search engine optimization",
  "sez": "special economy zone",
  "sfs": "snap for snap / spam for spam / shoutout for shoutout",
  "sgot": "serum glutamic oxaloacetic transaminase",
  "sgpt": "serum glutamic pyruvic transaminase",
  "sgst": "state goods and service tax",
  "shg": "self help groups",
  "sho": "station house officer",
  "si unit": "systã¨me international d'unitã©s",
  "sidbi": "small industries development bank of india",
  "sip": "systematic investment plan",
  "sir": "society of interventional radiology, silent information regulator",
  "sit": "special investigation team",
  "sku": "stock keeping unit",
  "sla": "service level agreement",
  "slr": "single lens reflex, statutory liquidity ratio",
  "smc": "school management committee",
  "sme": "small and medium-sized enterprises",
  "smh": "shake my head",
  "smps": "switched-mode power supply/ switching mode power supply",
  "sms": "short message service",
  "smt": "simultaneous multithreading",
  "smtp": "simple mail transfer protocol",
  "sonar": "sound navigation and ranging",
  "sop": "standard operating procedure",
  "sos": "save our souls",
  "sp": "superintendent of police",
  "spf": "sun protection factor, sender policy framework",
  "spg": "special protection group",
  "spo2": "saturation of peripheral oxygen",
  "spss": "statistical package for the social sciences",
  "sql": "structured query language",
  "srm": "supplier relationship management",
  "srs": "software requirements specification",
  "ssb": "service selection board",
  "ssc": "secondary school certificate, staff selection commission",
  "ssf": "special security force",
  "ssh": "secure shell",
  "ssi": "small scale industries",
  "ssl": "secure sockets layer",
  "sslc": "secondary school leaving certificate",
  "ssp": "senior superintendent of police",
  "sst": "sea surface temperature",
  "std": "subscriber trunk dialing, sexually transmitted diseases",
  "stf": "special task force",
  "stfu": "southern tenant farmers union",
  "sti": "sexually transmitted infections",
  "supw": "socially useful productive work",
  "suv": "sport utility vehicle",
  "swat": "special weapons and tactics",
  "swayam": "study webs of active-learning for young aspiring minds",
  "swot": "strengths, weaknesses, opportunities, and threats",
  "ta": "travelling allowance",
  "ta, da": "travelling allowance, dearness allowance",
  "tada": "terrorist and disruptive activities (prevention) act",
  "tafe": "tractors and farm equipment",
  "tally": "transactions allowed in a linear line yard",
  "tan": "tax deduction and collection account number",
  "tat": "turn around time",
  "tb": "tuberculosis",
  "tbc": "thermal barrier coatings",
  "tbh": "to be honest",
  "tbi": "traumatic brain injury",
  "tbt": "throwback thursday",
  "tcp/ip": "transmission control protocol/internet protocol",
  "tcs": "tata consultancy services",
  "tdr": "ticket deposit receipt , term deposit receipt , time domain reflectometer",
  "tds": "tax deducted at source",
  "tet": "teacher eligibility test",
  "tft": "thin film transistor",
  "tgif": "thank god/goodness it's friday",
  "tgt": "trained graduate teacher",
  "tin": "taxpayer identification number",
  "tisco": "tata iron and steel company",
  "tlc": "total lung capacity",
  "tmi": "too much information",
  "toefl": "test of english as a foreign language",
  "toi": "times of india",
  "tpa": "third party administrator",
  "tpack": "technological, pedagogical, and content knowledge",
  "trai": "telecom regulatory authority of india",
  "trf": "transfers",
  "trp": "television rating point",
  "tsh": "thyroid stimulating hormone",
  "ttyl": "talk to you later",
  "tvs": "thirukkurungudi vengaram sundram",
  "uae": "united arab emirates",
  "uco bank": "united commercial bank",
  "udp": "user datagram protoco",
  "uid": "unique identifier",
  "uidai": "unique identification authority of india",
  "ukg": "upper kindergarten",
  "uksa": "united kingdom space agency",
  "ulip": "unit linked insurance plan",
  "uml": "unified modeling language",
  "unctad": "united nations conference on trade and development",
  "undp": "united nations development programme",
  "unep": "united nations environment programme",
  "unesco": "united nations educational, scientific and cultural organization",
  "unfccc": "united nations framework convention on climate change",
  "unicef": "united nations children's fund",
  "uno": "united nations organization",
  "unsc": "united nations security council",
  "upa": "united progressive alliance, united production of america",
  "uphc": "urban primary health care",
  "upi": "unified payment interface",
  "ups": "uninterruptible power supply",
  "upvc": "unplasticized polyvinyl chloride",
  "url": "uniform resource locator",
  "u.s": "united states",
  "usb": "universal serial bus",
  "usfda or fda": "united states food and drug administration",
  "usp": "unique selling proposition",
  "ussd": "unstructured supplementary service data",
  "ussr": "union of soviet socialist republics",
  "utc": "universal time coordinated or coordinated universal time",
  "uti": "urinary tract infection",
  "vdi": "virtual desktop infrastructure",
  "vdrl": "veneral disease research laboratory",
  "vdu": "visual display unit",
  "vfx": "visual effects",
  "vga": "video graphics array",
  "vhdl": "vhsic (very high speed integrated circuit) hardware description language",
  "vip": "very important person",
  "virus": "vital information resources under seize",
  "visa": "charta visa, lit in latin",
  "vlc": "videolan client",
  "vlsi": "very large scale integration",
  "voip": "voice over internet protocol",
  "volte": "voice over long term evolution",
  "vpa": "value per action",
  "vpi": "virtual path identifier",
  "vvpat": "voter verifiable paper audit trail",
  "wan": "wide area network",
  "water tds": "water total dissolved solids",
  "wbc": "white blood cell",
  "wbcs": "west bengal civil service",
  "wef": "world economic forum, with effect from",
  "wfh": "work from home",
  "wifi": "wireless fidelity",
  "wip": "work in progress",
  "wipo": "world intellectual property organization",
  "wipro": "western india products",
  "wpa": "wi-fi protected access",
  "wps": "wifi protected setup",
  "wto": "world trade organization",
  "wwe": "world wrestling entertainment",
  "wwf": "world wide fund for nature, world wrestling federation",
  "www": "world wide web",
  "wyd": "what (are) you doing",
  "xd": "an emoticon of laughing face",
  "xml": "extensible markup language",
  "xmpp": "extensible messaging and presence protocol",
  "yahoo": "yet another hierarchy of officious oracle / yet another hierarchically organized oracle",
  "ytd": "year to date"
}