query_id,text,lemmatized_text
3990512,how can we get concentration onsomething?, get concentration ofsomething
714612,Why doesn't the water fall off  earth if it's round?, water fall earth round
2528767,How do I determine the charge of the iron ion in FeCl3?, determine charge iron ion feel three
821387,I have mice.How do I get rid of them humanely?, mouse get rid humanely
1880028,"What does ""see Leaflet"" mean on Ept Pregnancy test?", see leaflet mean ept pregnancy test
4448097,what is innate immunity?, innate immunity
1287437,how can i lose 30 pounds by june3?, lose three zero pound june three
2956570,"What are the words to write the sound of raindrops, moving train & scribbling w/ pencil on paper figuratively?", word write sound raindrop move train scribble i pencil paper figuratively
1351675,Why must I have an uncracked winshield in order to for my car to pass a safety inspeciton?, must crack windshield order car pas safety inspection
1783010,What is Blaphsemy?, blasphemy
2799913,What's the proper way to express sorrow at a funeral?, proper way express sorrow funeral
2142044,What do you speculate happened to Natalie Holloway in Aruba?, speculate happen natalie holloway aruna
707303,"How do people get hiccups, what are they, and what exactly is the best way to cure them?", people get hiccup exactly best way cure
676028,Why do our elected federal senators and congressmen not have to live on regular S.S. like the rest of us?, elect federal senator congressman live regular like rest united states
2484180,why do people judge a dog by what he looks like?, people judge dog look like
2307305,Why do man rape little girls?, metropolitan area network rape little girl
2814599,what does the word remission mean when referring to cancer patients?, word remission mean refer cancer patient
3369088,how can we stop the spread of islam?, stop spread islam
1702151,How patient a driver are you?, patient driver
851124,How is ego a part of our survival instincts?, ego part survival instinct
3698636,why do cats headbutt?, cat headbutt
1844896,How to cook Angus burgers?, cook angus burger
2290758,Why do people ask questions they know?, people ask question know
143833,What is the difference between coolant and anti-freeze?, difference coolant anti freeze
3910925,Why is yawning contagious?, yawn contagious
2643507,why does milk cost more than gas per gallon?, milk cost gas peru gallon
1502604,how do crooks  make  fake   passports  ?, crook make fake passport
4283542,i have had loose stools for a week...how do i make it stop?, loose stool week make stop
3554263,"why some people behave so rude without reason,is it due to their own problem?", people behave rude without reason due problem
3313308,how can I enjoy my time alone?, enjoy time alone
4357460,how to make my car faster?, make car faster
2582920,What is the difference in a dried plum and a dried prune?, difference dry plum dry prune
4462511,How do i know if my gold fish is pregnant?, know gold fish pregnant
2795030,Why do people drink Cuervo when it tastes the same going down as coming up?, people drink cuerpo taste go come
312215,how good is apple pie when it is cold?, good apple pie cold
3363149,Why do Arabs and Mexicans look alike?, arab mexican look alike
1944018,Why can't teenagers vote?, teenager vote
788976,Why did the Bush Admin cover up 9/11?, bush admin cover nine one one
4385316,How do I keep black birds out of my bar-b-que grill?, keep black bird bar i que grill
551239,how do i find out if someone left me a life insurance policy?, find someone left life insurance policy
3499881,Why is Gordon Ramsey so popular?, gordon ramsey popular
4311093,Why hot air rises up?, hot air rise
4256593,How do I remove the SIMM card on a LG VX8300 Cell Phone?, remove sim card lieutenant governor lucky goldstar ex eight three zero zero cell phone
1017690,what is the history of indian music?, history indian music
667488,how soon can you drive on a newly paved driveway?, soon drive newly pave driveway
3507491,Why is religious freedom more important today?, religious freedom important today
2634143,"what is direct borrowing, phonological borrowing, linguistic borrowing, cultural borrowing,intimate borrowing?", direct borrowing chronological borrowing linguistic borrowing cultural borrowing intimate borrowing
3396066,Why do airplanes fly so high?, airplane fly high
2892478,what factors cause the Earth to heat unevenly?, factor cause earth heat unevenly
3155314,"we have pork chops, veal chops, lamb chops, why is there not any beef chops ?", pork chop veal chop lamb chop beef chop
785823,how is the library consider as a heart of university?, library consider heart university
2815090,how cloning will affects our community?, clone affect community
2713171,What does the sentence's mean?, sentence mean
1821193,"Why do people feed poison (sugar) to their kids on Easter, and why are there no chocolate Jesuses?", people feed poison sugar kid easter chocolate jesus
4185501,why does the sun shine?, sun shine
4473331,How can I keep my rabit indoors?, keep habit indoors
4190287,Why is switching schools so depressing?, switch school depress
1937374,how to get 277 V AC ?, get two seven seven i air conditioning alternating current assistant commandant
1459749,Why don't I have an asthma attack during sex?, asthma attack sex
23464,why girls are beautiful?, girl beautiful
4377861,how to handsew sequins?, handset sequin
3385681,"if red bull is soo bad for people ,then why is it soo popular?", red bull soo bad people soo popular
1794677,How can I treat my Acne Scars?, treat acne scar
3301173,how to design road crust for national highways?, design road crust national highway
204633,Why do you have memories?, memory
3960080,Why don't commercial planes fly over the North Pole?, commercial plane fly north pole
1262692,How can I get rid of pimples on my back?, get rid pimple back
558570,"My city just put a ban on pit bulls, how do we reverse the decision?", city put ban pit bull reverse decision
1167882,What are the different types of sins and how are they caused?, different type sin cause
3295055,"What causes skin discoloration, specifically, whitening of the skin between fingers?", cause skin discoloration specifically whiten skin finger
100653,how do I go about getting copies of letters of commendation prsented to me from city of san diego?, go get copy letter commendation present city san diego
2619912,"How were you saved from sin-and born again as Jesus says ""Except you repent, and be born again..."" How didYou?", save sin born jesus say except repent born didyou
1663853,what is a wet dream?, wet dream
2592121,how to rollover 401k into real estate?, rollover four zero one i real estate
2182052,why is lemonade at restaurants sometimes different?, lemonade restaurant sometimes different
1623623,"How do you improve fuel efficiency of a 2004, Ford Ikon?", improve fuel efficiency two zero zero four ford iron
3078448,How do you prevent chicken from drying out when you cook it?, prevent chicken dry cook
3074429,How can we understand Islam and Muslims better?, understand islam muslim well
1119420,"Well the black light is UV light.So if it is ""black"" how can it be ""light"" ?", well black light uv light black light
1290612,why do anxiety and depression seem to coexist?, anxiety depression seem coexist
2529114,"since i have premature ejaculation problem, how to satisfy my girl?", since premature ejaculation problem satisfy girl
204963,what does 5 by 5 mean?, five five mean
4367654,Why is April 19th important?, april one nine thailand important
3639660,Why do most cigarettes have the yellow filter?, cigarette yellow filter
4197214,Why my GF feel like pissing during sexual intercourse?, french guiana feel like piss sexual intercourse
1015624,What's the Definition of a bloody mary?, definition bloody mary
1082595,what is meant by mobile technology?, meant mobile technology
3239329,Why do we wee a lot in the cold weather especially at night?, wee lot cold weather especially night
3874326,How come Compton is only designated for black people?, come compton designate black people
1254390,how do i deap fry chicken?, dead fry chicken
4018891,How do I know if a particular term or phrase is copyrighted?, know particular term phrase copyright
3552010,Why do parent put kids on restriction?, parent put kid restriction
1968489,Which auto insurance do you use and why?, auto insurance use
443848,Does anybody know where i could get a free guide on how to train a siberian husky?, anybody know could get free guide train siberian husky
4372730,Why doesn't the bible make any sense?, bible make sense
896725,what are some good exercises to get rid of those love handles?, good exercise get rid no but can be life's only valuable emotion long lasting original valuable emotion handle
2180086,what are mormens?, mormon
34041,what are the symptoms of strep throat?, symptom strep throat
229303,Why  is  the   war continuing  in  Afghanistan?, war continue afghanistan
2446614,how could u get success?, could u get success
654124,Why am I not able to concentrate on my studies?, able concentrate study
3577501,what are some signs that puberty is beginning?, sign puberty begin
8293,Why do men fantasized about raping women?, men fantasize rap woman
4012558,what is the term milky way?, term milky way
922849,why do some people take life so seriously?, people take life seriously
2976644,How amoeba catches its prey?, amoeba catch prey
1866981,"I know how I got here, but how did you?", know get
4467100,What does sholomister mean?, sholomister mean
2551845,Why is GW dogged for not getting OBL yet killing Zarkawi is a non-event?, guinea-bissau dog get oil yet kill zarkawi non event
3559048,How do you sell a junk car without a title?, sell junk car without title
823384,why did the army have personal cuts in the mid 1990's?, alert regular mobility young personal cut mid one nine nine zero
849221,when it comes to religion why dont people realize history repeats itself?, come religion dont people realize history repeat
3280768,why is islam so hated in america?, islam hat america
4288761,How can i stop my husband from exhuming my baby's body for compensation?, stop husband exhume baby body compensation
2847807,How can I get rid of the hicups?, get rid hiccup
2018562,"Why does my Black Lab howl to ""Law and Order"" theme song?", black lab howl law order theme song
1035857,Why are liberals so quick to defend Saddam?, liberal quick defend saddam
2008017,why do black people like fried chicken somuch?, black people like fry chicken somuch
1862795,How does spending prolonged time in microgravity affect the bodies of astronauts?, spending prolong time microgravity affect body astronaut
421753,how to get rid of a skunk?, get rid skunk
1477322,Why do people say Germans are racists?, people say german racist
1607728,what causes gray facial hair in men?, cause gray facial hair men
103830,Why do man Arabs hate the west ?, metropolitan area network arab hate west
3971195,How do i get my pitbull more agressive?, get pitbull aggressive
4153592,what can make someones ear's stink?, make someone ear stink
2382487,what do i do if i have not started my period in like almost 6 months?, start period like almost six month
2380990,Why am I alive?, alive
484496,Why a man float on water when he dies?, metropolitan area network float water dy
4003223,What are the marketing gimmicks that will attract males?, marketing gimmick attract male
4185395,how can i cure the std or the sexually transmitted disease?, cure subscriber trunk dialing sexually transmitted diseases sexually transmit disease
1292734,what color you like the most and why?, color like
3389038,why the media in US and Europe is always attacking the Arabs and Islam without finding the truth about them?, medium united states europe always attack arab islam without find truth
474417,"what does the prefix ""cyclo"" mean in greek mythology?", prefix cycle mean greek mythology
3278654,Why do Kamikaze pilots wear helmets?, kamikaze pilot wear helmet
4365565,How Does Water Pressure Change?, water pressure change
354733,What are the names of some famous photographers and why do their work stand up?, name famous photographer work stand
224109,what is citriscidal?, citriscidal
4126337,Why does my friend buy...?, friend buy
1957887,How can I hunt down and punch the people that keep spamming me?, hunt punch people keep slam
78762,why do i have pterofobia?, pterofobia
159716,"How do I find an Inmate at Southwest Detention Center 30755 Auld Rd., Murrieta, CA 92563?", find inmate southwest detention center three zero seven five five auld recurring deposit murrieta canada chartered accountancy nine two five six three
481173,"why live, when your in misery?", live misery
2814722,why is the new jersey smoking ban not considered unconstitutional?, new jersey smoking ban consider unconstitutional
3040435,"USA have Snow, Hurricanes, Flood, Earthquakes and politicians, Brazil only have politicians, why?", united states of america snow hurricane flood earthquake politician brazil politician
953489,Why do I have to dumb myself down all the time though I am highly undereducated?, dumb time though highly undereducated
2309774,Why do I keep seeing people on here 'dissing' on the soldiers in Iraq?, keep see people diss soldier iraq
1152934,Why don't fat people have to pay more for air travel?, fat people pay air travel
387874,Why does asparugus make your pee stink?, asparagus make pee stink
2291272,How is Catholicism not Christianity?, catholicism christianity
3411123,Why does'nt America regard foriegn credentials?, it america regard foreign credential
4165406,Why did the founder of Daewoo get a 10-year jail sentence?, founder daemon get one zero year jail sentence
2418598,why do wisdom varies from person to person?, wisdom varies person person
3496147,Why was I punished for being christlike?, punish christine
2452795,How can I heat the water within a 150 gal tank that's open to the atmosphere in Feb.?, heat water within one five zero gal tank open atmosphere feb
225575,what does 'wet behind the ears' mean?, wet behind ear mean
2838988,"How can I get a cork out of, not into, a wine bottle without a corkscrew?", get cork wine bottle without corkscrew
456214,What is the importance of absolute zero temperature?, importance absolute zero temperature
761742,How can I become a playa?, become playa
3825386,How can I develop leanbody and muscles?, develop leanbody muscle
2443586,What is a Bro?, border road organization
172731,how for is saturn from the sun?, saturn sun
2783398,What is a nucleus?, nucleus
402514,why do my baked potatos never taste near as good as when I get them in a nice restaurant?, bake potato never taste near good get nice restaurant
4278201,how does Ultraviolet Light Affects Seed Germination and plant growth?, ultraviolet light affect seed termination plant growth
2539741,what cause the car to have white smoke coming from the muffler and making a kicking or knocking sounds?, cause car white smoke come muffler make kick knock sound
3714728,Why is the world so shallow?, world shallow
3778229,how were the witches tested in the salem witch trials?, witch test salem witch trial
3640705,what is the punishment for child molestors?, punishment child molester
1077370,Why do only Humans have Finger prints?, human finger print
1373069,Freedom of Speech - why don't people understand how to use it?, freedom speech people understand use
1063812,How do I grow taller?, grow taller
2722241,why do some animals hide in a dark place b4 they die?, animal hide dark place i four die
746920,How do you get rid of wart on your hand a using home method?, get rid wart hand use home method
1977054,Couscous is a food from what origin?, couscous food origin
1199639,"How to ""LOSE""all body fat ?", lose body fat
2785579,"If you could be an element of weather, which would you choose, and why?", could element weather would choose
1964316,"What do you mean by ""weed""?", mean weed
3206998,how does disneyland make it snow?, disneyland make snow
2864267,what exemplifies effective customer service?, exemplifies effective customer service
3382736,what is minimalist cubisium?, minimalist rubidium
949154,can anybody tell me what is a butler?, anybody tell butler
1364894,Why do we need to tell customer service/operator about our sickness in order to make appointment w/ a doctor?, need tell customer service operator sickness order make appointment i doctor
2797224,"Muslims Are The Happiest People Ever, Why?", muslim happiest people ever
765138,Why does loving someone hurts like hell?, love someone hurt like hell
2479423,Why is there brail on the keypads at drive up ATM's?, brain keypad drive automated teller machine
2862887,how to care for a spiked dragon and what to feed them?, care spike dragon feed
4250296,What do doctors do when a patient has a Do Nor Resuscitate Order?, doctor patient resuscitate order
3872395,what are some easy ways to get a toddler to go to sleep without being mean?, easy way get toddler go sleep without mean
4473137,Causes and effects of the rise of Christanity?, cause effect rise christianity
1509982,How is th Chemistry is a basic of Science?, thailand chemistry beginner's all-purpose symbolic instruction code science
3269759,what is artificial intelligence?, artificial intelligence
3723508,What is the difference between an ox and a bull?, difference ox bull
1282199,how can I hide the cuts on my wrists?, hide cut wrist
4196421,how can you be more brilliant?, brilliant
1850323,Why some men never wash their hands after using the Urinal/Toilet?, men never wash hand use urinal toilet
2192891,how are braces put on and do they hurt a lot?, brace put hurt lot
4406669,What do you order at Taco Bell?, order taco bell
1582877,why do we go to school if in the real world we dont use most of it?, go school real world dont use
1340574,Why do some people only go to church on Easter Sunday and never go again until Christmas ?, people go church easter sunday never go christmas
1971899,what is masturbat***?, masturbate
