query_id,text
3990512,how can we get concentration onsomething?
714612,Why doesn't the water fall off  earth if it's round?
2528767,How do I determine the charge of the iron ion in FeCl3?
821387,I have mice.How do I get rid of them humanely?
1880028,"What does ""see Leaflet"" mean on Ept Pregnancy test?"
4448097,what is innate immunity?
1287437,how can i lose 30 pounds by june3?
2956570,"What are the words to write the sound of raindrops, moving train & scribbling w/ pencil on paper figuratively?"
1351675,Why must I have an uncracked winshield in order to for my car to pass a safety inspeciton?
1783010,What is Blaphsemy?
2799913,What's the proper way to express sorrow at a funeral?
2142044,What do you speculate happened to Natalie Holloway in Aruba?
707303,"How do people get hiccups, what are they, and what exactly is the best way to cure them?"
676028,Why do our elected federal senators and congressmen not have to live on regular S.S. like the rest of us?
2484180,why do people judge a dog by what he looks like?
2307305,Why do man rape little girls?
2814599,what does the word remission mean when referring to cancer patients?
3369088,how can we stop the spread of islam?
1702151,How patient a driver are you?
851124,How is ego a part of our survival instincts?
3698636,why do cats headbutt?
1844896,How to cook Angus burgers?
2290758,Why do people ask questions they know?
143833,What is the difference between coolant and anti-freeze?
3910925,Why is yawning contagious?
2643507,why does milk cost more than gas per gallon?
1502604,how do crooks  make  fake   passports  ?
4283542,i have had loose stools for a week...how do i make it stop?
3554263,"why some people behave so rude without reason,is it due to their own problem?"
3313308,how can I enjoy my time alone?
4357460,how to make my car faster?
2582920,What is the difference in a dried plum and a dried prune?
4462511,How do i know if my gold fish is pregnant?
2795030,Why do people drink Cuervo when it tastes the same going down as coming up?
312215,how good is apple pie when it is cold?
3363149,Why do Arabs and Mexicans look alike?
1944018,Why can't teenagers vote?
788976,Why did the Bush Admin cover up 9/11?
4385316,How do I keep black birds out of my bar-b-que grill?
551239,how do i find out if someone left me a life insurance policy?
3499881,Why is Gordon Ramsey so popular?
4311093,Why hot air rises up?
4256593,How do I remove the SIMM card on a LG VX8300 Cell Phone?
1017690,what is the history of indian music?
667488,how soon can you drive on a newly paved driveway?
3507491,Why is religious freedom more important today?
2634143,"what is direct borrowing, phonological borrowing, linguistic borrowing, cultural borrowing,intimate borrowing?"
3396066,Why do airplanes fly so high?
2892478,what factors cause the Earth to heat unevenly?
3155314,"we have pork chops, veal chops, lamb chops, why is there not any beef chops ?"
785823,how is the library consider as a heart of university?
2815090,how cloning will affects our community?
2713171,What does the sentence's mean?
1821193,"Why do people feed poison (sugar) to their kids on Easter, and why are there no chocolate Jesuses?"
4185501,why does the sun shine?
4473331,How can I keep my rabit indoors?
4190287,Why is switching schools so depressing?
1937374,how to get 277 V AC ?
1459749,Why don't I have an asthma attack during sex?
23464,why girls are beautiful?
4377861,how to handsew sequins?
3385681,"if red bull is soo bad for people ,then why is it soo popular?"
1794677,How can I treat my Acne Scars?
3301173,how to design road crust for national highways?
204633,Why do you have memories?
3960080,Why don't commercial planes fly over the North Pole?
1262692,How can I get rid of pimples on my back?
558570,"My city just put a ban on pit bulls, how do we reverse the decision?"
1167882,What are the different types of sins and how are they caused?
3295055,"What causes skin discoloration, specifically, whitening of the skin between fingers?"
100653,how do I go about getting copies of letters of commendation prsented to me from city of san diego?
2619912,"How were you saved from sin-and born again as Jesus says ""Except you repent, and be born again..."" How didYou?"
1663853,what is a wet dream?
2592121,how to rollover 401k into real estate?
2182052,why is lemonade at restaurants sometimes different?
1623623,"How do you improve fuel efficiency of a 2004, Ford Ikon?"
3078448,How do you prevent chicken from drying out when you cook it?
3074429,How can we understand Islam and Muslims better?
1119420,"Well the black light is UV light.So if it is ""black"" how can it be ""light"" ?"
1290612,why do anxiety and depression seem to coexist?
2529114,"since i have premature ejaculation problem, how to satisfy my girl?"
204963,what does 5 by 5 mean?
4367654,Why is April 19th important?
3639660,Why do most cigarettes have the yellow filter?
4197214,Why my GF feel like pissing during sexual intercourse?
1015624,What's the Definition of a bloody mary?
1082595,what is meant by mobile technology?
3239329,Why do we wee a lot in the cold weather especially at night?
3874326,How come Compton is only designated for black people?
1254390,how do i deap fry chicken?
4018891,How do I know if a particular term or phrase is copyrighted?
3552010,Why do parent put kids on restriction?
1968489,Which auto insurance do you use and why?
443848,Does anybody know where i could get a free guide on how to train a siberian husky?
4372730,Why doesn't the bible make any sense?
896725,what are some good exercises to get rid of those love handles?
2180086,what are mormens?
34041,what are the symptoms of strep throat?
229303,Why  is  the   war continuing  in  Afghanistan?
2446614,how could u get success?
654124,Why am I not able to concentrate on my studies?
3577501,what are some signs that puberty is beginning?
8293,Why do men fantasized about raping women?
4012558,what is the term milky way?
922849,why do some people take life so seriously?
2976644,How amoeba catches its prey?
1866981,"I know how I got here, but how did you?"
4467100,What does sholomister mean?
2551845,Why is GW dogged for not getting OBL yet killing Zarkawi is a non-event?
3559048,How do you sell a junk car without a title?
823384,why did the army have personal cuts in the mid 1990's?
849221,when it comes to religion why dont people realize history repeats itself?
3280768,why is islam so hated in america?
4288761,How can i stop my husband from exhuming my baby's body for compensation?
2847807,How can I get rid of the hicups?
2018562,"Why does my Black Lab howl to ""Law and Order"" theme song?"
1035857,Why are liberals so quick to defend Saddam?
2008017,why do black people like fried chicken somuch?
1862795,How does spending prolonged time in microgravity affect the bodies of astronauts?
421753,how to get rid of a skunk?
1477322,Why do people say Germans are racists?
1607728,what causes gray facial hair in men?
103830,Why do man Arabs hate the west ?
3971195,How do i get my pitbull more agressive?
4153592,what can make someones ear's stink?
2382487,what do i do if i have not started my period in like almost 6 months?
2380990,Why am I alive?
484496,Why a man float on water when he dies?
4003223,What are the marketing gimmicks that will attract males?
4185395,how can i cure the std or the sexually transmitted disease?
1292734,what color you like the most and why?
3389038,why the media in US and Europe is always attacking the Arabs and Islam without finding the truth about them?
474417,"what does the prefix ""cyclo"" mean in greek mythology?"
3278654,Why do Kamikaze pilots wear helmets?
4365565,How Does Water Pressure Change?
354733,What are the names of some famous photographers and why do their work stand up?
224109,what is citriscidal?
4126337,Why does my friend buy...?
1957887,How can I hunt down and punch the people that keep spamming me?
78762,why do i have pterofobia?
159716,"How do I find an Inmate at Southwest Detention Center 30755 Auld Rd., Murrieta, CA 92563?"
481173,"why live, when your in misery?"
2814722,why is the new jersey smoking ban not considered unconstitutional?
3040435,"USA have Snow, Hurricanes, Flood, Earthquakes and politicians, Brazil only have politicians, why?"
953489,Why do I have to dumb myself down all the time though I am highly undereducated?
2309774,Why do I keep seeing people on here 'dissing' on the soldiers in Iraq?
1152934,Why don't fat people have to pay more for air travel?
387874,Why does asparugus make your pee stink?
2291272,How is Catholicism not Christianity?
3411123,Why does'nt America regard foriegn credentials?
4165406,Why did the founder of Daewoo get a 10-year jail sentence?
2418598,why do wisdom varies from person to person?
3496147,Why was I punished for being christlike?
2452795,How can I heat the water within a 150 gal tank that's open to the atmosphere in Feb.?
225575,what does 'wet behind the ears' mean?
2838988,"How can I get a cork out of, not into, a wine bottle without a corkscrew?"
456214,What is the importance of absolute zero temperature?
761742,How can I become a playa?
3825386,How can I develop leanbody and muscles?
2443586,What is a Bro?
172731,how for is saturn from the sun?
2783398,What is a nucleus?
402514,why do my baked potatos never taste near as good as when I get them in a nice restaurant?
4278201,how does Ultraviolet Light Affects Seed Germination and plant growth?
2539741,what cause the car to have white smoke coming from the muffler and making a kicking or knocking sounds?
3714728,Why is the world so shallow?
3778229,how were the witches tested in the salem witch trials?
3640705,what is the punishment for child molestors?
1077370,Why do only Humans have Finger prints?
1373069,Freedom of Speech - why don't people understand how to use it?
1063812,How do I grow taller?
2722241,why do some animals hide in a dark place b4 they die?
746920,How do you get rid of wart on your hand a using home method?
1977054,Couscous is a food from what origin?
1199639,"How to ""LOSE""all body fat ?"
2785579,"If you could be an element of weather, which would you choose, and why?"
1964316,"What do you mean by ""weed""?"
3206998,how does disneyland make it snow?
2864267,what exemplifies effective customer service?
3382736,what is minimalist cubisium?
949154,can anybody tell me what is a butler?
1364894,Why do we need to tell customer service/operator about our sickness in order to make appointment w/ a doctor?
2797224,"Muslims Are The Happiest People Ever, Why?"
765138,Why does loving someone hurts like hell?
2479423,Why is there brail on the keypads at drive up ATM's?
2862887,how to care for a spiked dragon and what to feed them?
4250296,What do doctors do when a patient has a Do Nor Resuscitate Order?
3872395,what are some easy ways to get a toddler to go to sleep without being mean?
4473137,Causes and effects of the rise of Christanity?
1509982,How is th Chemistry is a basic of Science?
3269759,what is artificial intelligence?
3723508,What is the difference between an ox and a bull?
1282199,how can I hide the cuts on my wrists?
4196421,how can you be more brilliant?
1850323,Why some men never wash their hands after using the Urinal/Toilet?
2192891,how are braces put on and do they hurt a lot?
4406669,What do you order at Taco Bell?
1582877,why do we go to school if in the real world we dont use most of it?
1340574,Why do some people only go to church on Easter Sunday and never go again until Christmas ?
1971899,what is masturbat***?
